Property_ID,Property Type,Bedrooms,Bathrooms,Area,Price,Location,District,Agency_Name
T501925005,فیلا,6,6,300,980000,جنوب,بدر,مؤسسة غزالة للخدمات العقارية
G622333075,دور,6,5,500,1249000,شرق,الخليج,شركة سياد للاستثمار
L472435811,دور,5,4,523,1650000,شرق,الريان,شركة سياد للاستثمار
G066192381,دور,4,3,3098,1350000,وسط,الربوة,مساكن ركاز للعقارات
B566435343,دور,3,3,500,800000,غرب,شبرا,شركة نجمة التميز للعقارات
S442527647,فیلا,5,5,500,3500000,شرق,الملز,مؤسسة سعود علي عبدالعزيز السقامي للعقارات
T586702253,عمارة,11,11,1200,5500000,غرب,الجرادية,شركة الوديان العربيه للتطوير العقاري
T771872957,شقة,3,3,893,590000,غرب,ظهرة لبن,شركة صروح السعودية للتطوير والاستثمار العقاري
L680464272,دور,4,6,540,1450000,شرق,المونسية,مؤسسة وسام المساكن العقارية
J275107714,فیلا,3,4,312,1000000,غرب,العريجاء,شركة أختصاصي الأول للعقارات
W237753130,دور,8,2,103,280000,وسط,المرقب,مكتب خالد تركي العصيمي للعقارات
D089444658,دور,4,4,3098,1450000,وسط,الربوة,مساكن ركاز للعقارات
E273062078,شقة,4,3,3098,1100000,وسط,الربوة,مساكن ركاز للعقارات
A724019977,دور,4,4,214,760000,جنوب,بدر,شركة نجمة التميز للعقارات
A689471085,شقة,3,3,131,430000,جنوب,بدر,شركة نجمة التميز للعقارات
L866650018,شقة,3,3,131,420000,جنوب,الدار البيضاء,شركة نجمة التميز للعقارات
D266817233,شقة,3,3,125,880000,شمال,العارض,مكتب بدر حمد الموسى للعقارات
Y307883251,دور,3,5,540,1300000,شرق,المونسية,مؤسسة وسام المساكن العقارية
X341668579,فیلا,5,6,440,4200000,شمال,الربيع,مكتب غربي النخيل للعقارات
B089101864,دور,4,3,500,860000,غرب,شبرا,شركة نجمة التميز للعقارات
X403241518,دور,3,4,500,860000,غرب,شبرا,شركة نجمة التميز للعقارات
S001619488,فیلا,5,3,359,2400000,غرب,المهدية,مكتب وسيط المسعد للعقارات
I403364540,دور,3,3,191,1000000,شرق,الرمال,شركة إثراء الأولى العقارية
B506920439,دور,4,3,390,1750000,شمال,النرجس,شركة إثراء الأولى العقارية
N608778655,شقة,4,3,144,1160000,شمال,النرجس,شركة إثراء الأولى العقارية
B603367921,شقة,3,3,113,950000,شمال,النرجس,مؤسسة ودود العقارية
T346946457,فیلا,5,4,400,3500000,غرب,المهدية,عبدالملك بن سليمان بن عبدالله اليوسف
W680818240,شقة,3,3,163,530000,جنوب,عكاظ,شركة نجمة التميز للعقارات
B081401018,فیلا,8,5,450,5400000,شمال,النرجس,شركة إثراء الأولى العقارية
Z104757533,فیلا,5,4,200,1300000,شرق,الجنادرية,شركة قمة الوطن العقارية
I514829571,شقة,3,3,3150,1365000,شمال,العارض,شركة رفاه العقارية
N703783545,فیلا,5,3,289,1470000,شرق,الجنادرية,شركة قمة الوطن العقارية
M205981905,شقة,3,2,150,1300000,شمال,الملقا,مكتب شريط للعقارات
E434840747,دور,3,1,187,1100000,شرق,الرمال,شركة إثراء الأولى العقارية
O493406065,استراحة,3,3,341,6000000,شرق,الرمال,مكتب تميز البلاد للخدمات العقارية
Y631740910,شقة,3,3,182,1900000,شمال,حطين,مكتب آعالي للخدمات العقارية
K600054376,شقة,4,5,216,1373000,شمال,العارض,مؤسسة وسام المساكن العقارية
N062087818,دور,3,4,140,949000,شرق,الرمال,شركة ترف للتطوير والاستثمار العقاري
D104698284,شقة,4,3,177,450000,جنوب,بدر,شركة نجمة التميز للعقارات
S904625500,دور,3,3,500,950000,غرب,شبرا,شركة نجمة التميز للعقارات
X564268706,شقة,5,3,128,550000,غرب,الزهرة,شركة نجمة التميز للعقارات
N958226528,دور,4,3,500,860000,غرب,شبرا,شركة نجمة التميز للعقارات
U934146095,دور,4,4,500,860000,غرب,شبرا,شركة نجمة التميز للعقارات
O424839322,دور,4,4,214,1430000,شمال,العارض,مؤسسة منازل النرجس للتطوير العقاري
E940246066,دور,4,3,500,860000,غرب,شبرا,شركة نجمة التميز للعقارات
E739553712,شقة,5,4,171,650000,غرب,طويق,مكتب عبدالرحمن عبدالله الهويمل للعقارات
R135067827,شقة,4,3,147,1300000,شمال,الملقا,شركة العمار العقارية
Z952751472,دور,3,3,500,800000,غرب,شبرا,شركة نجمة التميز للعقارات
C013290657,دور,3,3,214,760000,جنوب,بدر,شركة نجمة التميز للعقارات
K018925967,دور,4,4,214,760000,جنوب,بدر,شركة نجمة التميز للعقارات
C744104276,شقة,3,3,131,420000,جنوب,الدار البيضاء,شركة نجمة التميز للعقارات
U958414783,شقة,4,3,190,1250000,شمال,النرجس,شركة رايات نجد للتطوير العقاري
G806519368,شقة,3,4,1155,1200000,شمال,العارض,شركة رايات نجد للتطوير العقاري
X627474393,دور,3,3,500,860000,غرب,شبرا,شركة نجمة التميز للعقارات
A906369951,شقة,3,3,3150,1240000,شمال,العارض,شركة رفاه العقارية
E562543978,شقة,3,3,3150,1235000,شمال,العارض,شركة رفاه العقارية
W524274354,شقة,4,4,163,2100000,شمال,حطين,مكتب محترفون للعقارات
G861017665,شقة,3,3,146,1019000,شرق,الملك فيصل,شركة إثراء الأولى العقارية
Q645049391,شقة,2,2,144,1160000,شمال,النرجس,شركة إثراء الأولى العقارية
I885190007,عمارة,11,10,336,5300000,شمال,الورود,مكتب أحياء المدينة للخدمات العقارية
W778427702,دور,3,4,540,1450000,شرق,المونسية,مؤسسة وسام المساكن العقارية
C195758869,شقة,3,3,138,550000,غرب,السويدي,شركة نجمة التميز للعقارات
F454234640,شقة,3,3,152,530000,غرب,الحزم,شركة نجمة التميز للعقارات
D174760725,عمارة,4,3,137,680000,شرق,السعادة,شركة رحابة العقارية
N870116651,شقة,3,3,360,65000,شرق,قرطبة,مكتب عبدالله بن فيحان بن محمد العتيبي للعقارات
V626679123,فیلا,8,5,375,1250000,جنوب,الدار البيضاء,مسكنكم للخدمات العقارية
X835130619,دور,3,3,194,1100000,شرق,الخليج,مسكنكم للخدمات العقارية
C265882765,شقة,3,3,140,1420000,غرب,عرقة,شركة دياري للتطوير العقاري
M829436455,دور,3,3,500,860000,غرب,شبرا,شركة نجمة التميز للعقارات
L536271756,شقة,3,4,124,765000,شرق,القادسية,سكن المعالي للعقارات
G744104276,شقة,3,3,131,420000,جنوب,الدار البيضاء,شركة نجمة التميز للعقارات
V634968378,دور,5,4,196,1080000,شرق,الرمال,مسكنكم للخدمات العقارية
Q386219271,دور,2,2,193,769999,جنوب,الشفا,شركة مدى الاعصار العقارية
P766932871,شقة,3,3,126,950000,شمال,الملقا,مكتب شريط للعقارات
C369197703,شقة,3,3,123,630000,غرب,ظهرة لبن,شركة بنائات العقارية
C829436455,دور,3,3,500,860000,غرب,شبرا,شركة نجمة التميز للعقارات
X565851689,دور,3,3,500,800000,غرب,شبرا,شركة نجمة التميز للعقارات
U557985808,دور,4,4,214,760000,جنوب,بدر,شركة نجمة التميز للعقارات
A952751472,دور,3,3,500,800000,غرب,شبرا,شركة نجمة التميز للعقارات
Q892210637,شقة,3,2,93,6500000,شمال,العليا,صلة العقارية
B878460946,دور,8,6,250,860000,غرب,شبرا,شركة نجمة التميز للعقارات
E526674161,فیلا,3,4,360,1680000,شرق,المونسية,شركة مباشر للعقارات للتسويق العقاري
D345542154,شقة,3,3,140,1200000,شمال,الربيع,مكتب ركن المؤشر للعقارات
X917525072,فیلا,5,1,615,5800000,شمال,العقيق,مكتب زيد جندل زيد الجندل للعقارات
C449034362,دور,5,3,187,630000,جنوب,بدر,شركة حلول دارك العقارية
E837692382,دور,4,5,199,900000,شرق,القادسية,سكن المعالي للعقارات
O412344465,دور,4,5,222,1150000,شرق,القادسية,سكن المعالي للعقارات
A450630225,شقة,5,3,124,550000,غرب,الحزم,مكتب عبدالرحمن عبدالله الهويمل للعقارات
A444901493,شقة,3,3,135,1000000,شرق,قرطبة,مكتب آعالي للخدمات العقارية
W452425177,شقة,4,3,9100,705536,شرق,المونسية,مؤسسة منازل رائدة العقارية
W156497679,شقة,3,3,131,400000,جنوب,الدار البيضاء,شركة نجمة التميز للعقارات
W704836619,دور,6,2,300,1160000,شرق,الجنادرية,شركة قمة الوطن العقارية
S899256299,دور,3,3,500,860000,غرب,الزهرة,شركة نجمة التميز للعقارات
O715245325,شقة,3,3,136,790000,غرب,المهدية,شركة بنائات العقارية
R850549264,شقة,3,3,177,450000,جنوب,بدر,شركة نجمة التميز للعقارات
D666336316,فیلا,5,8,382,6000000,شمال,السليمانية,مكتب ركن الافق للعقارات
H689471085,شقة,3,3,131,430000,جنوب,بدر,شركة نجمة التميز للعقارات
S819538263,شقة,3,3,140,950000,شمال,العارض,مؤسسة حلول الرياض للخدمات العقارية
F788880448,شقة,3,3,132,999000,شرق,الروضة,شركة رؤية التسويق العقاري
G402209423,فیلا,5,4,319,1150000,شرق,الرمال,مؤسسة بصمة الانجاز للخدمات العقارية
S882591894,شقة,3,3,146,1079000,شرق,الروضة,شركة رؤية التسويق العقاري
T839834296,فیلا,8,5,278,970000,جنوب,طيبة,مكتب العقد الذهبي للعقارات
P876087626,دور,4,3,250,860000,غرب,شبرا,شركة نجمة التميز للعقارات
A940246066,دور,4,3,500,860000,غرب,شبرا,شركة نجمة التميز للعقارات
L890011961,دور,3,3,145,550000,جنوب,الدار البيضاء,شركة غيوم نجد للخدمات العقارية
J028136760,فیلا,10,5,268,2800000,شمال,النرجس,مؤسسة الحوراء للخدمات العقارية
X970177610,فیلا,9,7,600,6300000,شمال,النرجس,مكتب عبدالله البراك للعقارات
Q124606927,شقة,3,4,159,790000,شرق,القادسية,سكن المعالي للعقارات
A308173109,شقة,4,3,140,905000,شرق,القادسية,سكن المعالي للعقارات
Y437201426,دور,5,4,205,750000,شرق,الجنادرية,سكن المعالي للعقارات
Z584436597,دور,4,5,305,1450000,شرق,القادسية,سكن المعالي للعقارات
E616539307,شقة,4,3,140,770000,شرق,القادسية,سكن المعالي للعقارات
B218814020,دور,3,3,550,1250000,شمال,العارض,شركة قصر الرقي العقارية
Q544486555,دور,3,4,155,1650000,شرق,قرطبة,الأول للشركة المحدودة
R127010331,فیلا,5,5,275,4200000,شمال,الياسمين,شركة قصر الرقي العقارية
E444987673,دور,3,4,500,860000,غرب,شبرا,شركة نجمة التميز للعقارات
H764010377,دور,3,3,250,950000,غرب,شبرا,شركة نجمة التميز للعقارات
P813494093,شقة,3,3,157,1139000,شمال,النرجس,شركة رؤية التسويق العقاري
X492348743,دور,5,3,199,650000,جنوب,بدر,شركة حلول دارك العقارية
K975489499,فیلا,5,5,562,1800000,جنوب,بدر,شركة حلول دارك العقارية
S697226943,فیلا,5,3,151,620000,جنوب,الدار البيضاء,شركة حلول دارك العقارية
F893121520,شقة,3,3,147,1079000,شمال,النرجس,شركة رؤية التسويق العقاري
Q180780624,شقة,4,3,140,905000,شرق,القادسية,سكن المعالي للعقارات
S450036339,شقة,3,4,173,450000,جنوب,بدر,شركة غيوم نجد للخدمات العقارية
L075155414,استراحة,3,1,450,4500000,,بنبان,مكتب آعالي للخدمات العقارية
O525625941,فیلا,7,6,449,3500000,غرب,المهدية,مكتب دليل المسوقين للعقارات
K648420020,فیلا,5,7,595,3000000,شرق,المعيزلة,شركة قمة الوطن العقارية
D673704645,فیلا,4,5,432,3800000,شمال,العارض,مشاورات العقارية
D596221626,فیلا,5,5,580,15000000,شمال,العارض,مشاورات العقارية
E712374039,دور,3,3,184,630000,جنوب,عكاظ,شركة نجمة التميز للعقارات
O096664982,شقة,4,3,250,550000,غرب,الزهرة,شركة نجمة التميز للعقارات
E824489022,فیلا,4,5,370,2200000,غرب,المهدية,لمسة ترف العقارية
J853464113,شقة,3,3,157,1540000,شمال,الملقا,لمسة ترف العقارية
H980234855,فیلا,7,5,238,3500000,شرق,الروضة,مكتب عواض شعيفان المطيري للعقارات
Z364227129,فیلا,6,6,359,1800000,شرق,الجنادرية,شركة مدى الاعصار العقارية
I201441787,فیلا,6,5,616,5000000,شرق,الرمال,مكتب ركن هتان للعقارات
R909930328,دور,4,6,266,600000,جنوب,بدر,مكتب عبدالعزيز ياسين محمد العجلاني للخدمات العقارية
M530358577,فیلا,7,7,600,7000000,شمال,النرجس,مشاورات العقارية
K947512316,شقة,5,3,194,730000,غرب,العوالي,إسكان سلمان للتسويق العقاري
R290227775,شقة,4,4,206,730000,جنوب,عكاظ,إسكان سلمان للتسويق العقاري
L066807224,دور,6,4,227,780000,جنوب,العزيزية,إسكان سلمان للتسويق العقاري
X011560087,شقة,3,5,163,530000,جنوب,عكاظ,شركة نجمة التميز للعقارات
N546158860,دور,4,4,300,760000,جنوب,بدر,شركة نجمة التميز للعقارات
N420932691,دور,3,3,214,760000,جنوب,بدر,شركة نجمة التميز للعقارات
Y661799468,فیلا,3,4,300,1440000,غرب,الحزم,السليمان للعقارات
Q426993727,شقة,4,4,124,580000,غرب,السويدي,شركة نجمة التميز للعقارات
V840089178,دور,4,4,214,760000,جنوب,بدر,شركة نجمة التميز للعقارات
G665595468,فیلا,4,5,3960,2799000,شرق,الروضة,شركة وكن للتطوير واالستثمار العقاري
T668552259,فیلا,5,3,504,4500000,شمال,العارض,مؤسسة المكعب الجديد العقارية
D894006154,دور,4,3,500,860000,غرب,شبرا,شركة نجمة التميز للعقارات
S013898338,فیلا,4,4,375,1200000,جنوب,بدر,مشاورات العقارية
Z913066298,شقة,3,3,182,750000,غرب,لبن,مكتب آعالي للخدمات العقارية
U293474326,فیلا,4,8,240,22800000,شرق,الصفا,نقش للاستثمار
Z992564272,دور,3,3,214,760000,جنوب,بدر,شركة نجمة التميز للعقارات
N227283547,شقة,3,3,128,550000,غرب,الزهرة,شركة نجمة التميز للعقارات
N939565560,فیلا,6,4,250,1200000,شرق,النظيم,شركة قمة الوطن العقارية
Q684327464,شقة,3,3,893,590000,غرب,ظهرة لبن,شركة صروح السعودية للتطوير والاستثمار العقاري
U983403593,شقة,3,4,189,1250000,شمال,العارض,شركة أكتال العقارية
W291282205,شقة,3,3,132,430000,جنوب,بدر,شركة نجمة التميز للعقارات
V038403949,فیلا,5,5,800,3500000,شمال,مخطط الخير,شركة نهر للعقارات
K395176046,دور,4,4,126,1560000,شمال,العليا,شركة مباشر للعقارات للتسويق العقاري
G808313478,دور,3,3,500,860000,غرب,شبرا,شركة نجمة التميز للعقارات
V185821518,دور,3,3,500,860000,غرب,شبرا,شركة نجمة التميز للعقارات
I399666533,شقة,3,3,1530,850000,شرق,اليرموك,سكن المعالي للعقارات
J266872780,دور,3,3,131,1300000,شرق,المونسية,سكن المعالي للعقارات
O195374530,فیلا,6,5,909,6600000,شمال,العليا,وليد
I455424304,شقة,4,3,147,550000,غرب,طويق,مؤسسة منازل رائدة العقارية
Z128591552,فیلا,4,4,900,1750000,شمال,النزهة,اللحيدان للعقارات
J597372662,دور,4,3,179,540000,جنوب,بدر,التشييد الراقي للتطوير العقاري
D215878541,دور,4,3,171,680000,غرب,الحزم,التشييد الراقي للتطوير العقاري
S663365085,فیلا,7,6,1680,27000000,شمال,المغرزات,منازل نجد العقارية
B456593550,دور,5,3,201,630000,جنوب,بدر,شركة حلول دارك العقارية
W916822852,فیلا,8,4,636,700000,جنوب,بدر,شركة حلول دارك العقارية
O868944545,فیلا,3,5,217,2100000,شمال,النفل,مؤسسة بارج للتطوير العقاري
L010741269,شقة,3,3,140,650000,غرب,السويدي,شركة نجمة التميز للعقارات
T764102320,فیلا,1,3,420,2000000,شمال,مخطط الخير,شركة نهر للعقارات
L611019102,شقة,3,3,135,1009000,شمال,النرجس,شركة رؤية التسويق العقاري
L798902323,دور,3,4,195,1850000,شرق,قرطبة,سكن المعالي للعقارات
O280010367,شقة,4,3,900,520000,جنوب,بدر,شركة غيوم نجد للخدمات العقارية
Y588343737,شقة,3,4,900,520000,جنوب,بدر,شركة غيوم نجد للخدمات العقارية
F654941294,شقة,3,2,132,1500000,شمال,العارض,شركة أسوار العقار للعقارات
Q371587538,فیلا,10,6,455,2200000,شرق,الخليج,مؤسسة الحوراء للخدمات العقارية
H900111264,شقة,3,3,3001,770000,شرق,القادسية,شركة مطور للتطوير العقاري
C914349973,دور,4,5,621,1750000,شرق,المونسية,سكن المعالي للعقارات
Z315311204,فیلا,7,7,600,5000000,شرق,اليرموك,مكتب ريم الوادي للعقارات
I745427816,دور,3,3,249,750000,غرب,طويق,شركة نجمة التميز للعقارات
I358001263,فیلا,3,2,173,1030000,شرق,الرمال,شركة قمة الوطن العقارية
R629003588,شقة,3,3,184,650000,غرب,طويق,شركة نجمة التميز للعقارات
I176248817,فیلا,6,4,307,2100000,شرق,الرمال,شركة قمة الوطن العقارية
P586170162,دور,4,5,500,860000,غرب,شبرا,شركة نجمة التميز للعقارات
V899256299,دور,3,3,500,860000,غرب,الزهرة,شركة نجمة التميز للعقارات
S557985808,دور,4,4,214,760000,جنوب,بدر,شركة نجمة التميز للعقارات
C895960467,شقة,4,3,149,430000,جنوب,بدر,شركة نجمة التميز للعقارات
T689471085,شقة,3,3,131,430000,جنوب,بدر,شركة نجمة التميز للعقارات
F957890749,شقة,3,4,124,580000,غرب,السويدي,شركة نجمة التميز للعقارات
O077961289,دور,3,3,193,980000,شرق,القادسية,سكن المعالي للعقارات
C587521909,فیلا,6,6,351,4600000,شمال,النرجس,مكتب عبدالله البراك للعقارات
M940711499,دور,5,3,123,925000,شرق,السعادة,مسكنكم للخدمات العقارية
Y272555791,فیلا,5,6,274,1500000,شرق,الرمال,شركة أسس المسكن للعقارات
U055859805,شقة,3,3,160,1280000,شرق,قرطبة,مؤسسة وسام المساكن العقارية
G531950070,شقة,3,2,341,600000,شرق,الرمال,مكتب تميز البلاد للخدمات العقارية
W769989295,شقة,3,3,139,1109000,شمال,النرجس,شركة رؤية التسويق العقاري
V182548114,دور,3,3,145,550000,جنوب,الدار البيضاء,شركة غيوم نجد للخدمات العقارية
N124389146,دور,4,5,193,800000,غرب,طويق,شركة نجمة التميز للعقارات
J899256299,دور,3,3,500,860000,غرب,الزهرة,شركة نجمة التميز للعقارات
W924307046,شقة,3,3,173,450000,جنوب,بدر,شركة نجمة التميز للعقارات
Z435811083,شقة,5,3,130,720000,غرب,ظهرة لبن,شركة بنائات العقارية
E488111650,دور,3,4,250,860000,غرب,شبرا,شركة نجمة التميز للعقارات
F557985808,دور,4,4,214,760000,جنوب,بدر,شركة نجمة التميز للعقارات
E600046048,فیلا,4,4,164,570000,جنوب,بدر,إسكان سلمان للتسويق العقاري
B177844719,دور,5,6,500,860000,غرب,شبرا,شركة نجمة التميز للعقارات
E333956278,شقة,4,5,900,930000,غرب,ظهرة لبن,شركة بنائات العقارية
Q046601429,دور,2,3,500,860000,غرب,شبرا,شركة نجمة التميز للعقارات
Y895552792,دور,3,4,360,900000,شرق,قرطبة,شركة مدى الاعصار العقارية
S464052926,فیلا,3,4,371,3700000,شمال,الياسمين,شركة مدى الاعصار العقارية
F839497510,شقة,3,4,139,1019000,شمال,النرجس,شركة رؤية التسويق العقاري
M306634679,شقة,3,4,101,1090000,شرق,الروضة,شركة رؤية التسويق العقاري
F236719868,شقة,3,3,163,540000,جنوب,عكاظ,شركة نجمة التميز للعقارات
T567044536,دور,3,3,500,800000,غرب,شبرا,شركة نجمة التميز للعقارات
R690169535,شقة,3,3,131,420000,جنوب,الدار البيضاء,شركة نجمة التميز للعقارات
S642738876,شقة,3,3,131,420000,جنوب,الدار البيضاء,شركة نجمة التميز للعقارات
N644746608,دور,6,3,224,1250000,شرق,الرمال,مؤسسة الفا البواني العقارية
T588343737,شقة,3,4,900,520000,جنوب,بدر,شركة غيوم نجد للخدمات العقارية
K952751472,دور,3,3,500,800000,غرب,شبرا,شركة نجمة التميز للعقارات
K148954850,دور,3,3,194,800000,غرب,طويق,شركة نجمة التميز للعقارات
C281283121,فیلا,5,4,400,3000000,غرب,المهدية,مكتب دليل المهدية للعقارات
L958226528,دور,4,3,500,860000,غرب,شبرا,شركة نجمة التميز للعقارات
X958226528,دور,4,3,500,860000,غرب,شبرا,شركة نجمة التميز للعقارات
C457999136,شقة,3,3,157,1199000,شمال,النرجس,شركة رؤية التسويق العقاري
C642024082,شقة,3,3,130,1030000,شرق,قرطبة,مؤسسة وسام المساكن العقارية
D891635711,دور,5,4,800,980000,غرب,العوالي,سمو المملكة للخدمات العقارية
Z912619538,دور,5,4,177,1000000,شرق,السعادة,مساكن ركاز للعقارات
Z800742693,فیلا,9,6,334,1800000,شرق,الفيحاء,مساكن ركاز للعقارات
G223629612,فیلا,6,5,400,1300000,وسط،غرب,العريجاء الوسطى,مشاورات العقارية
T280372438,فیلا,5,6,540,11000000,شمال,النرجس,مكتب علي صالح الجردان للعقارات
C708014829,دور,4,3,500,860000,غرب,شبرا,شركة نجمة التميز للعقارات
I317869755,دور,3,3,500,860000,غرب,شبرا,شركة نجمة التميز للعقارات
J850156512,دور,3,3,500,860000,غرب,شبرا,شركة نجمة التميز للعقارات
X008182627,دور,4,3,500,860000,غرب,شبرا,شركة نجمة التميز للعقارات
R800845206,دور,3,4,500,860000,غرب,شبرا,شركة نجمة التميز للعقارات
A447820498,دور,3,3,250,860000,غرب,شبرا,شركة نجمة التميز للعقارات
F819342994,فیلا,7,4,319,1150000,شرق,الرمال,مؤسسة بصمة الانجاز للخدمات العقارية
R061122259,فیلا,11,11,367,1000000,جنوب,الدار البيضاء,مكتب الاحمدي للعقارات
B778746259,شقة,3,3,135,700000,غرب,ظهرة لبن,شركة بنائات العقارية
A336007772,عمارة,11,11,810,5500000,شرق,غرناطة,شركة الوديان العربيه للتطوير العقاري
Z360408682,عمارة,11,11,150,1500000,غرب,المعذر,شركة الوديان العربيه للتطوير العقاري
V245920485,شقة,3,3,233,1079000,شرق,الملك فيصل,شركة رؤية التسويق العقاري
M940509531,فیلا,4,3,260,880000,جنوب,احد,شركة نجمة التميز للعقارات
D336199093,دور,3,3,500,950000,غرب,شبرا,شركة نجمة التميز للعقارات
I565851689,دور,3,3,500,800000,غرب,شبرا,شركة نجمة التميز للعقارات
S529428301,دور,3,5,203,1250000,شرق,القادسية,سكن المعالي للعقارات
N558809298,شقة,4,3,136,790000,غرب,المهدية,شركة بنائات العقارية
S829562460,شقة,4,3,137,820000,غرب,المهدية,شركة بنائات العقارية
T829436455,دور,3,3,500,860000,غرب,شبرا,شركة نجمة التميز للعقارات
T403241518,دور,3,4,500,860000,غرب,شبرا,شركة نجمة التميز للعقارات
V201812960,شقة,3,3,101,720000,شرق,المعيزلة,سكن المعالي للعقارات
C906105861,دور,3,3,500,850000,غرب,شبرا,شركة نجمة التميز للعقارات
L989551140,شقة,3,3,152,1239000,شرق,الروضة,شركة رؤية التسويق العقاري
D850549264,شقة,3,3,177,450000,جنوب,بدر,شركة نجمة التميز للعقارات
U614032379,شقة,3,3,184,650000,غرب,طويق,شركة نجمة التميز للعقارات
Q245220774,دور,3,4,500,860000,غرب,شبرا,شركة نجمة التميز للعقارات
N992629350,فیلا,6,7,200,1700000,وسط,الفاروق,بيت النائف للتطوير العقاري
Z431699929,شقة,3,3,151,1109000,شمال,النرجس,شركة رؤية التسويق العقاري
V135067827,شقة,4,3,147,1300000,شمال,الملقا,شركة العمار العقارية
Q462262513,شقة,5,3,175,350000,جنوب,بدر,مكتب الاحمدي للعقارات
R447820498,دور,3,3,250,860000,غرب,شبرا,شركة نجمة التميز للعقارات
D976202645,فیلا,6,6,650,5000000,شمال,الياسمين,شركة العمار العقارية
J978605897,شقة,5,5,900,930000,غرب,ظهرة لبن,شركة بنائات العقارية
B287042589,شقة,4,3,137,850000,غرب,المهدية,شركة بنائات العقارية
D575482757,دور,4,3,134,730000,شرق,السعادة,مسكنكم للخدمات العقارية
Z145162840,شقة,3,3,160,1090000,شرق,المونسية,شركة رافد للمقاولات عامة
P282234862,دور,3,4,600,1600000,شرق,الروابي,مساكن ركاز للعقارات
X145977240,فیلا,5,6,250,2875000,شرق,اليرموك,سكن المعالي للعقارات
R305160803,فیلا,8,6,360,850000,شرق,الرمال,شركة المجال الدولي
W291590980,شقة,4,4,136,700000,غرب,ظهرة لبن,شركة بنائات العقارية
P913786983,شقة,3,2,157,530000,غرب,طويق,إسكان سلمان للتسويق العقاري
D873031475,شقة,3,3,176,730000,شرق,السعادة,إسكان سلمان للتسويق العقاري
F082121363,شقة,2,2,188,872485,شرق,الرمال,إسكان سلمان للتسويق العقاري
Z566757439,شقة,3,3,135,1009000,شمال,النرجس,شركة رؤية التسويق العقاري
G850549264,شقة,3,3,177,450000,جنوب,بدر,شركة نجمة التميز للعقارات
P437468023,شقة,4,3,234,820000,غرب,العوالي,شركة نجمة التميز للعقارات
L273414355,شقة,3,3,219,690000,جنوب,العزيزية,شركة نجمة التميز للعقارات
E397200880,دور,3,3,149,1300000,شرق,المونسية,مؤسسة وسام المساكن العقارية
L680069017,دور,5,3,156,950000,شرق,الرمال,إسكان سلمان للتسويق العقاري
N363996806,دور,6,3,169,800000,شرق,الرمال,إسكان سلمان للتسويق العقاري
S110691384,فیلا,5,3,300,3357000,شمال,النرجس,شركة راكز العقارية
O515368810,فیلا,8,7,420,8500000,شمال,حطين,شركة تشييد نجد للتطوير والاستثمار العقاري
H475856056,فیلا,4,4,360,4300000,شمال,النرجس,مكتب الوان البصمة للعقارات
E671677318,فیلا,5,9,750,8719000,غرب,المهدية,شركة رؤية التسويق العقاري
J440048355,شقة,3,4,160,1119000,شرق,الروضة,شركة رؤية التسويق العقاري
Q714538927,دور,4,4,146,950000,شرق,الرمال,إسكان سلمان للتسويق العقاري
Z314302961,شقة,3,4,177,655159,غرب,طويق,شركة مدى الاعصار العقارية
A292890442,دور,4,4,172,1050000,شرق,البيان,إسكان سلمان للتسويق العقاري
D444987673,دور,3,4,500,860000,غرب,شبرا,شركة نجمة التميز للعقارات
P597293055,شقة,3,4,140,790000,شرق,الرمال,إسكان سلمان للتسويق العقاري
H086994899,شقة,4,4,140,790000,شرق,الرمال,إسكان سلمان للتسويق العقاري
Z112586077,فیلا,7,5,307,2200000,شرق,السعادة,إسكان سلمان للتسويق العقاري
B899256299,دور,3,3,500,860000,غرب,الزهرة,شركة نجمة التميز للعقارات
G557985808,دور,4,4,214,760000,جنوب,بدر,شركة نجمة التميز للعقارات
F162277606,دور,5,3,600,580000,جنوب,بدر,إسكان سلمان للتسويق العقاري
H701483355,دور,5,4,172,1150000,شرق,الرمال,إسكان سلمان للتسويق العقاري
Z317869755,دور,3,3,500,860000,غرب,شبرا,شركة نجمة التميز للعقارات
D028668320,شقة,3,3,132,430000,جنوب,بدر,شركة نجمة التميز للعقارات
Q403241518,دور,3,4,500,860000,غرب,شبرا,شركة نجمة التميز للعقارات
I643888923,شقة,1,1,64,360000,جنوب,المروة,شركة نجمة التميز للعقارات
E142025309,دور,5,3,375,970000,شرق,المعيزلة,إسكان سلمان للتسويق العقاري
G148619744,شقة,5,5,224,1250000,شرق,الرمال,إسكان سلمان للتسويق العقاري
R123263465,دور,5,3,211,1150000,شرق,الرمال,إسكان سلمان للتسويق العقاري
S210550421,شقة,3,3,141,1800000,شمال,الملقا,إسكان سلمان للتسويق العقاري
Q063023035,فیلا,4,5,249,1700000,شرق,الرمال,شركة مدى الاعصار العقارية
G162277606,دور,5,3,600,580000,جنوب,بدر,إسكان سلمان للتسويق العقاري
T775094432,دور,3,4,500,860000,غرب,الزهرة,شركة نجمة التميز للعقارات
A162730225,دور,3,5,168,940000,شرق,الرمال,إسكان سلمان للتسويق العقاري
R123559023,دور,3,5,168,940000,شرق,الرمال,إسكان سلمان للتسويق العقاري
Q859159721,شقة,6,4,241,670000,جنوب,بدر,إسكان سلمان للتسويق العقاري
L482930047,فیلا,8,9,375,5800000,شمال,الملقا,إسكان سلمان للتسويق العقاري
V317806220,دور,6,3,174,650000,جنوب,عكاظ,إسكان سلمان للتسويق العقاري
E121946173,شقة,3,3,177,690000,جنوب,بدر,شركة نجمة التميز للعقارات
L793508401,شقة,3,3,170,420000,جنوب,بدر,شركة نجمة التميز للعقارات
W712103922,دور,4,4,214,760000,جنوب,بدر,شركة نجمة التميز للعقارات
Q252325425,دور,3,3,500,860000,غرب,شبرا,شركة نجمة التميز للعقارات
Q073560916,دور,3,2,79,1750000,شمال,النرجس,شركة راكز العقارية
O376944726,شقة,3,3,132,420000,جنوب,الدار البيضاء,شركة نجمة التميز للعقارات
R282535282,شقة,3,3,149,640000,غرب,طويق,شركة عبدالله محمد الطبيشي للتطوير والاستثمار العقاري
L965653550,شقة,3,3,131,420000,جنوب,الدار البيضاء,شركة نجمة التميز للعقارات
N317869755,دور,3,3,500,860000,غرب,شبرا,شركة نجمة التميز للعقارات
H556324367,شقة,1,1,63,600000,شرق,الرمال,إسكان سلمان للتسويق العقاري
S299562700,فیلا,6,4,330,1350000,شرق,الرمال,إسكان سلمان للتسويق العقاري
Z053764860,شقة,3,3,180,900000,شرق,السعادة,إسكان سلمان للتسويق العقاري
Q193231257,دور,5,5,261,1200000,شرق,القادسية,إسكان سلمان للتسويق العقاري
B850549264,شقة,3,3,177,450000,جنوب,بدر,شركة نجمة التميز للعقارات
M427115100,شقة,4,3,180,710000,غرب,العوالي,إسكان سلمان للتسويق العقاري
W150715572,دور,3,3,224,670000,جنوب,بدر,إسكان سلمان للتسويق العقاري
T913695990,فیلا,6,5,288,3300000,شمال,النرجس,مشارف الشمال للعقارات
W432962464,شقة,3,3,194,995000,شرق,الرمال,شركة صروح المدائن للعقارات
T888706470,شقة,3,3,122,1049000,شمال,النرجس,شركة رؤية التسويق العقاري
C912249810,شقة,4,3,147,530000,غرب,الحزم,إسكان سلمان للتسويق العقاري
A719919280,فیلا,5,5,204,715000,جنوب,الشفا,شركة دروب الاستقرار
T744104276,شقة,3,3,131,420000,جنوب,الدار البيضاء,شركة نجمة التميز للعقارات
R444987673,دور,3,4,500,860000,غرب,شبرا,شركة نجمة التميز للعقارات
U744104276,شقة,3,3,131,420000,جنوب,الدار البيضاء,شركة نجمة التميز للعقارات
U829436455,دور,3,3,500,860000,غرب,شبرا,شركة نجمة التميز للعقارات
H597014406,فیلا,5,6,204,715000,جنوب,الشفا,شركة دروب الاستقرار
F480591827,دور,5,3,180,539000,جنوب,بدر,مؤسسة الحوراء للخدمات العقارية
R382055350,شقة,3,3,150,670000,غرب,العوالي,شركة نجمة التميز للعقارات
K437468023,شقة,4,3,234,820000,غرب,العوالي,شركة نجمة التميز للعقارات
R643048236,شقة,4,4,154,679997,غرب,ضاة نمار,شركة نجمة التميز للعقارات
R397200880,دور,3,3,149,1300000,شرق,المونسية,مؤسسة وسام المساكن العقارية
W273414355,شقة,3,3,219,690000,جنوب,العزيزية,شركة نجمة التميز للعقارات
O865616259,فیلا,7,4,200,4000000,شمال,مطار الملك خالد الدولي,مكتب الاحمدي للعقارات
L517940153,شقة,3,3,177,450000,جنوب,بدر,شركة نجمة التميز للعقارات
Q872661811,استراحة,2,1,449,1400000,غرب,نمار,مكتب خالد صالح عبدالله العيد للتطوير والاستثمار العقاري
H791401191,دور,4,5,300,900000,شرق,القادسية,سكن المعالي للعقارات
B710699273,فیلا,6,6,300,2200000,شرق,القادسية,سكن المعالي للعقارات
L538484379,دور,4,4,214,760000,جنوب,بدر,شركة نجمة التميز للعقارات
Y567044536,دور,3,3,500,800000,غرب,شبرا,شركة نجمة التميز للعقارات
J954293444,شقة,3,4,124,580000,غرب,السويدي,شركة نجمة التميز للعقارات
R458966720,شقة,3,3,149,430000,جنوب,بدر,شركة نجمة التميز للعقارات
K227357238,دور,4,4,214,760000,جنوب,بدر,شركة نجمة التميز للعقارات
Y952751472,دور,3,3,500,800000,غرب,شبرا,شركة نجمة التميز للعقارات
M339882301,دور,4,4,500,800000,غرب,شبرا,شركة نجمة التميز للعقارات
Q597766326,دور,4,3,158,800000,شرق,السعادة,مساكن ركاز للعقارات
Y159875236,شقة,3,2,70,750000,شرق,السعادة,مساكن ركاز للعقارات
L738541094,فیلا,6,4,600,1600000,شرق,الجنادرية,شركة قمة الوطن العقارية
J782901906,فیلا,6,6,250,2400000,شرق,المونسية,سكن المعالي للعقارات
M638163916,دور,4,3,220,1200000,شرق,الرمال,سكن المعالي للعقارات
U723850964,فیلا,5,7,600,3500000,شرق,قرطبة,سكن المعالي للعقارات
E010723547,شقة,4,3,89,800000,شرق,القادسية,سكن المعالي للعقارات
L732633766,شقة,4,3,141,2912000,شمال,العليا,عبدالله صالح عبدالله بن صليح
W255658749,شقة,3,3,893,590000,غرب,ظهرة لبن,شركة صروح السعودية للتطوير والاستثمار العقاري
K157474199,شقة,3,3,131,430000,جنوب,بدر,شركة نجمة التميز للعقارات
H557985808,دور,4,4,214,760000,جنوب,بدر,شركة نجمة التميز للعقارات
I557985808,دور,4,4,214,760000,جنوب,بدر,شركة نجمة التميز للعقارات
K562231889,دور,4,4,214,760000,جنوب,بدر,شركة نجمة التميز للعقارات
X807103044,شقة,4,4,177,690000,جنوب,بدر,شركة نجمة التميز للعقارات
F689471085,شقة,3,3,131,430000,جنوب,بدر,شركة نجمة التميز للعقارات
R491880034,فیلا,6,5,336,3000000,شمال,العارض,مؤسسة واجهة العارض للعقارات
N456738614,دور,3,3,639,690000,جنوب,الدار البيضاء,مكتب مصابيح عريض للعقارات
D506667389,شقة,1,1,91,2425150,شمال,العليا,عبدالله صالح عبدالله بن صليح
X707770754,فیلا,4,5,225,1750000,شرق,الرمال,مؤسسة الفا البواني العقارية
P876759574,فیلا,6,5,225,2300000,غرب,المهدية,بنيان العاصمة للعقارات
B540439350,دور,3,2,172,1050000,شرق,الرمال,شركة نهضة التطور العقارية
F492850134,دور,5,3,540,1250000,شرق,الرمال,شركة نهضة التطور العقارية
W149723898,شقة,3,3,180,685000,غرب,العوالي,شركة نجمة التميز للعقارات
P070056079,فیلا,3,3,418,3500000,غرب,المهدية,مكتب وسيط المسعد للعقارات
F798699983,دور,3,3,250,800000,غرب,شبرا,شركة نجمة التميز للعقارات
P018925967,دور,4,4,214,760000,جنوب,بدر,شركة نجمة التميز للعقارات
F157474199,شقة,3,3,131,430000,جنوب,بدر,شركة نجمة التميز للعقارات
T850495412,دور,4,4,214,760000,جنوب,بدر,شركة نجمة التميز للعقارات
I374179635,شقة,3,3,178,450000,جنوب,بدر,شركة نجمة التميز للعقارات
K531194349,دور,4,3,500,860000,غرب,الزهرة,شركة نجمة التميز للعقارات
O618786398,شقة,3,3,120,969000,شرق,الروضة,شركة رؤية التسويق العقاري
P879931806,دور,4,4,163,690000,جنوب,الشفا,شركة نجمة التميز للعقارات
V004642312,فیلا,4,5,273,1850000,شرق,الرمال,مؤسسة وسام المساكن العقارية
W893099694,دور,3,3,141,1100000,شرق,المونسية,مؤسسة وسام المساكن العقارية
T035875077,دور,3,3,540,1280000,شرق,المونسية,مؤسسة وسام المساكن العقارية
D422179109,دور,2,3,250,860000,غرب,شبرا,شركة نجمة التميز للعقارات
B001521619,فیلا,10,7,434,3400000,شمال,العارض,شركة نهضة التطور العقارية
L299443289,شقة,2,2,68,700000,شرق,الرمال,شركة نهضة التطور العقارية
H742881690,دور,6,5,222,1200000,شرق,القادسية,سكن المعالي للعقارات
E846041562,دور,6,5,199,900000,شرق,القادسية,سكن المعالي للعقارات
E248501972,شقة,4,3,88,797000,شرق,القادسية,سكن المعالي للعقارات
B537248917,شقة,3,3,88,797000,شرق,القادسية,سكن المعالي للعقارات
F859173360,دور,4,5,222,1200000,شرق,القادسية,سكن المعالي للعقارات
P012499282,دور,3,3,600,1950000,شرق,قرطبة,سكن المعالي للعقارات
A357685465,فیلا,5,5,300,3400000,شمال,الصحافة,شركة راكز العقارية
H252363233,شقة,3,3,182,790000,شرق,الرمال,شركة راكز العقارية
L212444976,شقة,3,3,122,753000,شرق,القادسية,شركة راكز العقارية
E816549044,شقة,2,2,75,349000,غرب,ظهرة لبن,شركة راكز العقارية
E744104276,شقة,3,3,131,420000,جنوب,الدار البيضاء,شركة نجمة التميز للعقارات
W649079503,شقة,3,3,140,770000,شرق,القادسية,سكن المعالي للعقارات
N029955568,شقة,4,3,140,770000,شرق,القادسية,سكن المعالي للعقارات
R924869646,دور,3,4,168,1050000,شرق,القادسية,سكن المعالي للعقارات
P325510423,دور,3,3,168,1050000,شرق,القادسية,سكن المعالي للعقارات
G553542710,شقة,3,3,173,450000,جنوب,بدر,شركة غيوم نجد للخدمات العقارية
W825189476,دور,3,4,193,1000000,شرق,القادسية,سكن المعالي للعقارات
O072972509,دور,3,3,188,1350000,شرق,المونسية,سكن المعالي للعقارات
K051779014,فیلا,4,4,200,750000,جنوب,بدر,شركة اشبال العرب للعقارات
M969603036,شقة,3,3,131,1017000,شرق,الشهداء,شركة راكز العقارية
Z269526640,شقة,4,3,133,750000,غرب,ظهرة لبن,شركة بنائات العقارية
N362550709,شقة,3,4,137,1450000,شمال,الملقا,مؤسسة موطن العاصمة للخدمات التجارية
R542945943,شقة,3,3,145,640000,غرب,طويق,شركة عبدالله محمد الطبيشي للتطوير والاستثمار العقاري
U883268093,فیلا,5,3,300,2850000,شمال,النرجس,إسكان سلمان للتسويق العقاري
T538818769,دور,3,2,540,1050000,شرق,الرمال,شركة نهضة التطور العقارية
X401795822,شقة,3,3,122,695000,شرق,القادسية,شركة وسام العقارية
K668218110,دور,3,3,171,750000,غرب,طويق,شركة وسام العقارية
Y179942045,استراحة,3,2,846,1200000,,الزاهر,شركة مهم العقارية
S870931699,دور,3,3,153,1100000,شرق,اليرموك,مؤسسة وسام المساكن العقارية
H361283961,شقة,3,4,216,1373000,شمال,العارض,مؤسسة وسام المساكن العقارية
H314470051,فیلا,3,3,232,1750000,غرب,المهدية,مكتب وسيط المسعد للعقارات
X832053400,دور,4,4,177,700000,جنوب,بدر,شركة نجمة التميز للعقارات
T373465470,شقة,2,3,136,599000,شرق,الرمال,شركة وسام العقارية
X929687146,شقة,3,2,96,1399000,شمال,المغرزات,شركة مسكن الين العقارية
V834561164,فیلا,3,3,143,900000,غرب,عليشة,مكتب الاحمدي للعقارات
A961761892,دور,4,4,500,860000,غرب,شبرا,شركة نجمة التميز للعقارات
C779564906,فیلا,11,11,750,2300000,جنوب,الدار البيضاء,مكتب اساتذة العقار للعقارات
A848953943,دور,2,4,500,860000,غرب,شبرا,شركة نجمة التميز للعقارات
Y952424837,دور,3,4,171,1540000,شمال,العارض,شركة راكز العقارية
O791505083,فیلا,4,4,2480,2199000,شرق,الصفا,شركة راكز العقارية
D995550694,فیلا,4,3,198,1748875,شمال,النرجس,شركة راكز العقارية
V440039170,فیلا,6,7,250,1800000,شمال,مطار الملك خالد الدولي,مكتب الاحمدي للعقارات
H710635730,فیلا,8,5,796,2400000,غرب,طويق,شركة تركي ابراهيم المحيسن للعقارات
J644586460,دور,3,3,448,1600000,شمال,العارض,مكتب الاحمدي للعقارات
A286781320,شقة,4,3,139,850000,غرب,ظهرة لبن,مكتب دليل المسوقين للعقارات
E856572429,فیلا,6,3,400,1800000,شرق,الخليج,شركة مهم العقارية
Z678267509,شقة,5,4,189,1078000,شمال,العارض,مؤسسة وسام المساكن العقارية
I577041298,فیلا,8,6,600,3500000,غرب,ظهرة لبن,شركة تركي ابراهيم المحيسن للعقارات
L360220290,دور,3,3,203,570000,جنوب,الدار البيضاء,مكتب الاحمدي للعقارات
B495774549,شقة,2,3,203,400000,جنوب,الدار البيضاء,مكتب الاحمدي للعقارات
U143118680,دور,7,5,230,1000000,غرب,شبرا,يزيد خالد بن عبدالله ال عيسى للعقارات
Y781755664,فیلا,7,5,600,3000000,غرب,الحزم,مكتب الاحمدي للعقارات
U652509563,فیلا,8,6,250,1300000,غرب,طويق,مكتب الاحمدي للعقارات
V290915522,دور,3,5,500,860000,غرب,شبرا,شركة نجمة التميز للعقارات
N325600324,دور,4,4,500,860000,غرب,شبرا,شركة نجمة التميز للعقارات
G684344093,دور,3,4,500,860000,غرب,شبرا,شركة نجمة التميز للعقارات
U426442325,دور,4,4,500,860000,غرب,شبرا,شركة نجمة التميز للعقارات
P264341071,دور,4,4,500,860000,غرب,شبرا,شركة نجمة التميز للعقارات
R325600324,دور,4,4,500,860000,غرب,شبرا,شركة نجمة التميز للعقارات
F021216354,فیلا,5,6,780,2964000,شرق,النهضة,مؤسسة نجمة الشرق للخدمات العقارية
J423200288,استراحة,8,4,405,3240000,شمال,العارض,مكتب الاحمدي للعقارات
T660184938,عمارة,11,7,190,1800000,غرب,سلطانة,مكتب اضداد للعقارات
L139734439,عمارة,11,7,316,1700000,وسط,منفوحة,مكتب اضداد للعقارات
P043560646,شقة,3,2,128,550000,غرب,الزهرة,شركة نجمة التميز للعقارات
J463198950,فیلا,7,5,302,1100000,جنوب,طيبة,مكتب الاحمدي للعقارات
M623648247,شقة,2,2,64,360000,جنوب,المروة,شركة نجمة التميز للعقارات
U665480542,فیلا,7,5,600,2600000,غرب,طويق,مكتب الاحمدي للعقارات
O408615968,شقة,6,4,219,650000,جنوب,الدار البيضاء,مكتب الاحمدي للعقارات
H313021702,شقة,3,2,96,1389000,شمال,المغرزات,شركة مسكن الين العقارية
S382550150,فیلا,11,7,600,6000000,شمال,النرجس,مكتب الاحمدي للعقارات
J267358506,دور,3,3,750,1499000,شمال,التعاون,شركة مسكن الين العقارية
L897668310,فیلا,7,5,300,1050000,غرب,طويق,مكتب الاحمدي للعقارات
W003366919,فیلا,5,7,250,2350000,شرق,اليرموك,سكن المعالي للعقارات
B389574035,دور,4,4,172,1050000,شرق,البيان,إسكان سلمان للتسويق العقاري
I799303141,فیلا,6,6,400,2300000,غرب,المهدية,إسكان سلمان للتسويق العقاري
U444987673,دور,3,4,500,860000,غرب,شبرا,شركة نجمة التميز للعقارات
E778561547,شقة,3,3,175,450000,جنوب,بدر,شركة نجمة التميز للعقارات
L640495261,دور,6,5,185,1400000,شرق,المونسية,سكن المعالي للعقارات
X585668620,شقة,4,4,227,680000,جنوب,بدر,إسكان سلمان للتسويق العقاري
N722102291,شقة,3,4,227,680000,جنوب,بدر,إسكان سلمان للتسويق العقاري
N447820498,دور,3,3,250,860000,غرب,شبرا,شركة نجمة التميز للعقارات
T317869755,دور,3,3,500,860000,غرب,شبرا,شركة نجمة التميز للعقارات
J482930047,فیلا,8,9,375,5800000,شمال,الملقا,إسكان سلمان للتسويق العقاري
L874638825,فیلا,12,9,261,2000000,شرق,الرمال,إسكان سلمان للتسويق العقاري
S277935983,فیلا,12,9,261,2000000,شرق,الرمال,إسكان سلمان للتسويق العقاري
K933972520,دور,2,2,312,900000,شرق,الرمال,إسكان سلمان للتسويق العقاري
D365668880,شقة,4,2,192,680000,جنوب,بدر,إسكان سلمان للتسويق العقاري
G740760904,شقة,6,4,193,680000,جنوب,بدر,إسكان سلمان للتسويق العقاري
H933972520,دور,2,2,312,900000,شرق,الرمال,إسكان سلمان للتسويق العقاري
I556324367,شقة,1,1,63,600000,شرق,الرمال,إسكان سلمان للتسويق العقاري
J490619566,دور,5,4,172,1150000,شرق,الرمال,إسكان سلمان للتسويق العقاري
F924307046,شقة,3,3,173,450000,جنوب,بدر,شركة نجمة التميز للعقارات
K899256299,دور,3,3,500,860000,غرب,الزهرة,شركة نجمة التميز للعقارات
A153248506,شقة,5,4,175,1000000,شرق,الرمال,إسكان سلمان للتسويق العقاري
O205560470,شقة,5,4,175,1000000,شرق,الرمال,إسكان سلمان للتسويق العقاري
R450661169,دور,5,4,172,800000,غرب,طويق,إسكان سلمان للتسويق العقاري
J293366603,شقة,3,3,131,430000,جنوب,بدر,شركة نجمة التميز للعقارات
V850549264,شقة,3,3,177,450000,جنوب,بدر,شركة نجمة التميز للعقارات
V924307046,شقة,3,3,173,450000,جنوب,بدر,شركة نجمة التميز للعقارات
I322181633,فیلا,7,5,367,1000000,جنوب,الدار البيضاء,مكتب الاحمدي للعقارات
Y557985808,دور,4,4,214,760000,جنوب,بدر,شركة نجمة التميز للعقارات
U744786232,شقة,3,3,169,450000,جنوب,بدر,شركة نجمة التميز للعقارات
U887930551,دور,4,4,177,700000,جنوب,بدر,شركة نجمة التميز للعقارات
S389787477,فیلا,5,3,375,4800000,شمال,القيروان,مؤسسة أراما للخدمات اللوجستية
Z172376486,فیلا,13,6,420,2300000,شرق,الرمال,شركة همم الخليج العقاريه
D951853338,فیلا,7,7,375,1500000,جنوب,العزيزية,مكتب الاحمدي للعقارات
Y929687146,شقة,3,2,96,1399000,شمال,المغرزات,شركة مسكن الين العقارية
N331515441,فیلا,7,5,200,1100000,جنوب,العزيزية,مكتب الاحمدي للعقارات
I995927391,فیلا,6,4,230,2800000,شمال,العارض,مكتب الاحمدي للعقارات
I270232777,شقة,4,4,181,800000,غرب,ظهرة لبن,مكتب البلط للعقارات
O130362954,دور,6,6,550,1250000,شمال,العارض,شركة قصر الرقي العقارية
Y749215692,فیلا,5,7,400,2800000,شرق,اشبيلية,شركة عقارات النابغة للتجارة
O677279649,شقة,7,7,176,1250000,شمال,الياسمين,مكتب طريق الاسكان
F539855202,شقة,5,4,150,670000,غرب,العوالي,مكتب طريق الاسكان
N458708552,شقة,4,3,120,900000,شرق,الحمراء,مكتب رونق التميز للعقارات
N320678583,فیلا,9,6,420,2600000,جنوب,عكاظ,مؤسسة ركيز العقارية
Y316786144,شقة,4,3,161,1205000,شرق,الروابي,مساكن ركاز للعقارات
P142706324,شقة,3,3,163,1770000,شمال,حطين,شركة إثراء الأولى العقارية
Q392499314,فیلا,6,6,385,4200000,شمال,الياسمين,شركة قصر الرقي العقارية
D637825640,دور,6,4,199,900000,شرق,القادسية,سكن المعالي للعقارات
M031337968,فیلا,5,7,250,2350000,شرق,اليرموك,سكن المعالي للعقارات
I809022238,شقة,5,4,152,630000,غرب,طويق,مكتب عبدالرحمن عبدالله الهويمل للعقارات
A068580176,شقة,3,2,1050,1099000,شمال,المغرزات,شركة إثراء الأولى العقارية
D825812987,دور,4,4,172,750000,جنوب,عكاظ,شركة إثراء الأولى العقارية
L533951000,فیلا,8,6,309,2999986,شرق,المونسية,مكتب عبدالله بن فيحان بن محمد العتيبي للعقارات
G227283547,شقة,3,3,128,550000,غرب,الزهرة,شركة نجمة التميز للعقارات
Z982251838,شقة,4,5,186,1060000,شمال,العارض,مؤسسة وسام المساكن العقارية
X374599990,فیلا,5,6,600,5500000,شرق,قرطبة,مؤسسة وسام المساكن العقارية
V022019688,دور,4,3,506,1650000,شرق,القادسية,مؤسسة وسام المساكن العقارية
X145492737,فیلا,11,7,315,3500000,شمال,العارض,مكتب طريق الاسكان
P861763332,فیلا,5,4,600,5000000,شمال,العارض,مكتب طريق الاسكان
W014262226,شقة,5,4,151,570000,غرب,نمار,مكتب طريق الاسكان
U520123149,شقة,4,3,139,850000,شمال,العارض,مكتب طريق الاسكان
P963642425,فیلا,8,7,312,3200000,شمال,العارض,مكتب طريق الاسكان
X611678674,شقة,3,3,131,590000,غرب,ظهرة لبن,شركة صروح السعودية للتطوير والاستثمار العقاري
V745371960,شقة,4,3,88,797000,شرق,القادسية,سكن المعالي للعقارات
S518539442,دور,6,4,300,1200000,شرق,القادسية,سكن المعالي للعقارات
C669405434,دور,4,4,303,1150000,شرق,القادسية,سكن المعالي للعقارات
B100764413,شقة,4,4,88,797000,شرق,القادسية,سكن المعالي للعقارات
K111440140,دور,6,4,222,1200000,شرق,القادسية,سكن المعالي للعقارات
F636533309,دور,4,4,199,900000,شرق,القادسية,سكن المعالي للعقارات
Y100401949,دور,4,5,185,1100000,شرق,الجنادرية,سكن المعالي للعقارات
C261050322,دور,6,6,168,1100000,شرق,القادسية,سكن المعالي للعقارات
J299930852,دور,3,4,185,750000,شرق,الجنادرية,سكن المعالي للعقارات
A941488347,فیلا,6,6,276,1700000,شرق,البيان,سكن المعالي للعقارات
D924138740,شقة,3,4,140,790000,شرق,القادسية,سكن المعالي للعقارات
Y746464108,فیلا,4,5,276,1700000,شرق,البيان,سكن المعالي للعقارات
Z426924247,دور,5,4,305,1400000,شرق,القادسية,سكن المعالي للعقارات
E525589363,دور,4,3,196,850000,شرق,البيان,سكن المعالي للعقارات
P417879759,فیلا,5,6,276,1700000,شرق,البيان,سكن المعالي للعقارات
L426905174,شقة,4,3,159,905000,شرق,القادسية,سكن المعالي للعقارات
R991795373,شقة,4,3,140,790000,شرق,القادسية,سكن المعالي للعقارات
A170259227,شقة,5,4,188,480000,غرب,الحزم,مكتب أنوار الضاحية للخدمات العقارية
A373845258,شقة,5,3,190,730000,غرب,العوالي,إسكان سلمان للتسويق العقاري
Z227286265,شقة,5,3,194,730000,غرب,العوالي,إسكان سلمان للتسويق العقاري
F024593609,شقة,5,3,190,730000,غرب,العوالي,إسكان سلمان للتسويق العقاري
T952494531,دور,3,3,506,1200000,شرق,القادسية,مؤسسة وسام المساكن العقارية
D184845127,فیلا,4,5,324,2650000,شرق,المونسية,مؤسسة وسام المساكن العقارية
M209238695,فیلا,5,6,525,2625000,شرق,الخليج,شركة عقارات النابغة للتجارة
T032696786,فیلا,6,6,324,2800000,شمال,العارض,اكناف العاصمة العقارية
A149723898,شقة,3,3,180,685000,غرب,العوالي,شركة نجمة التميز للعقارات
V776890403,فیلا,7,7,360,1500000,غرب,نمار,مكتب الاحمدي للعقارات
S962761792,شقة,3,3,102,1290000,شمال,العارض,مؤسسة منازل النرجس للتطوير العقاري
V887690277,دور,4,3,177,700000,جنوب,بدر,شركة نجمة التميز للعقارات
M545814286,فیلا,3,4,960,7680000,شمال,الرحمانية,مسكن ومغنم العقارية
N881587363,دور,5,5,186,1145000,شرق,الرمال,مسكنكم للخدمات العقارية
E093712575,شقة,3,3,88,797000,شرق,القادسية,سكن المعالي للعقارات
K335786059,فیلا,5,5,400,2850000,شرق,المونسية,مسكن ومغنم العقارية
Y556014754,فیلا,7,5,625,1500000,وسط،غرب,العريجاء الوسطى,مسكن ومغنم العقارية
J823235116,فیلا,5,5,450,3250000,غرب,المهدية,مكتب دليل المهدية للعقارات
C035736981,دور,4,5,246,1800000,شمال,العارض,مؤسسة منازل النرجس للتطوير العقاري
X160148806,فیلا,8,6,400,2250000,غرب,المهدية,إسكان سلمان للتسويق العقاري
R101887753,فیلا,8,6,400,2250000,غرب,المهدية,إسكان سلمان للتسويق العقاري
I468237196,شقة,3,4,124,580000,غرب,السويدي,شركة نجمة التميز للعقارات
Y149723898,شقة,3,3,180,685000,غرب,العوالي,شركة نجمة التميز للعقارات
U850549264,شقة,3,3,177,450000,جنوب,بدر,شركة نجمة التميز للعقارات
L074971415,فیلا,9,6,375,3400000,شرق,اليرموك,إسكان سلمان للتسويق العقاري
C463004890,فیلا,4,3,375,3400000,شرق,اليرموك,إسكان سلمان للتسويق العقاري
H074971415,فیلا,9,6,375,3400000,شرق,اليرموك,إسكان سلمان للتسويق العقاري
O074971415,فیلا,9,6,375,3400000,شرق,اليرموك,إسكان سلمان للتسويق العقاري
Z746604801,شقة,4,3,125,650000,غرب,ظهرة لبن,شركة بنائات العقارية
Q869780397,فیلا,7,6,225,1750000,شرق,الرمال,إسكان سلمان للتسويق العقاري
N999398956,فیلا,7,6,225,1750000,شرق,الرمال,إسكان سلمان للتسويق العقاري
I160785980,دور,5,4,146,900000,شرق,الرمال,إسكان سلمان للتسويق العقاري
B761598944,دور,3,3,145,730000,غرب,الحزم,إسكان سلمان للتسويق العقاري
Q585712918,شقة,4,3,88,797000,شرق,القادسية,سكن المعالي للعقارات
D291346134,دور,4,4,212,900000,شرق,القادسية,سكن المعالي للعقارات
S938304256,دور,4,4,199,900000,شرق,القادسية,سكن المعالي للعقارات
Y892714520,شقة,3,4,159,905000,شرق,القادسية,سكن المعالي للعقارات
Q898506068,دور,4,4,305,1400000,شرق,القادسية,سكن المعالي للعقارات
R218304194,دور,3,3,196,950000,شرق,الرمال,شركة نهضة التطور العقارية
M108631986,دور,4,3,180,850000,شرق,الرمال,شركة نهضة التطور العقارية
F991229967,دور,4,3,176,740000,جنوب,بدر,شركة نجمة التميز للعقارات
B393659446,فیلا,8,7,260,2600000,شرق,المونسية,إسكان سلمان للتسويق العقاري
W219796645,فیلا,8,6,285,1850000,شرق,القادسية,إسكان سلمان للتسويق العقاري
N137470374,دور,5,5,250,920000,غرب,ديراب,إسكان سلمان للتسويق العقاري
P235529688,عمارة,3,4,500,550000,غرب,الزهرة,شركة منسوب للتطوير العقاري
K325534928,عمارة,3,4,500,600000,غرب,الزهرة,شركة منسوب للتطوير العقاري
Q999556137,فیلا,3,3,200,1950000,شمال,السدره,شركة أعمال المدائن للتطوير والاستثمار العقاري
H552023687,فیلا,10,11,525,11000000,شمال,الملقا,شركة صروح السعودية للتطوير والاستثمار العقاري
C324114034,دور,3,3,503,1680000,شرق,المونسية,شركة مباشر للعقارات للتسويق العقاري
Z221743073,دور,4,4,297,590000,جنوب,العزيزية,شركه اساس الامل العقاريه
F705072303,فیلا,7,6,560,7000000,شمال,الملقا,شركة ابات للتطوير العقاري
A197120762,فیلا,3,4,900,1300000,غرب,ظهرة لبن,شركة مباشر للعقارات للتسويق العقاري
L262783085,دور,2,3,296,1550000,شرق,الرمال,مؤسسة وسام المساكن العقارية
A494818846,فیلا,6,5,375,1300000,جنوب,بدر,مكتب حكاية التميز للعقارات
Y058444275,دور,3,4,200,1850000,شرق,قرطبة,سكن المعالي للعقارات
H176548971,فیلا,6,5,825,8000000,شمال,المغرزات,الأمير لتطوير واستثمار العقارات
U614718775,شقة,3,3,117,890000,شرق,اليرموك,شركة سبل الاولى العقارية
X639217259,فیلا,3,5,312,1600000,غرب,الحزم,مؤسسة أبراج الرياض للعقارات
P836496192,دور,4,3,199,950000,شرق,القادسية,سكن المعالي للعقارات
D002368604,دور,3,4,300,750000,شرق,الجنادرية,سكن المعالي للعقارات
H815954149,فیلا,4,4,216,2700000,شمال,النرجس,مكتب الوان البصمة للعقارات
O972455113,دور,4,4,292,1150000,شرق,القادسية,سكن المعالي للعقارات
R897754629,دور,4,4,285,1150000,شرق,القادسية,سكن المعالي للعقارات
Q292210373,دور,3,3,126,1899000,شرق,الازدهار,شركة مسكن الين العقارية
O643326830,فیلا,8,6,450,5200000,شمال,النزهة,وليد
M015306692,فیلا,5,5,324,4000000,شمال,النرجس,مكتب الوان البصمة للعقارات
A738981273,شقة,3,3,180,900000,شرق,السعادة,إسكان سلمان للتسويق العقاري
R470231911,فیلا,5,5,312,1800000,غرب,المهدية,بيت النائف للتطوير العقاري
P020159083,شقة,3,3,123,1300000,شمال,الياسمين,مساكن ركاز للعقارات
Z747360937,شقة,4,3,132,510000,غرب,طويق,إسكان سلمان للتسويق العقاري
F554077369,شقة,4,3,133,520000,غرب,طويق,إسكان سلمان للتسويق العقاري
N554077369,شقة,4,3,133,520000,غرب,طويق,إسكان سلمان للتسويق العقاري
K747360937,شقة,4,3,132,510000,غرب,طويق,إسكان سلمان للتسويق العقاري
M747360937,شقة,4,3,132,510000,غرب,طويق,إسكان سلمان للتسويق العقاري
T747360937,شقة,4,3,132,510000,غرب,طويق,إسكان سلمان للتسويق العقاري
Q498738208,شقة,2,2,141,2700000,شمال,العليا,مؤسسة سعود علي عبدالعزيز السقامي للعقارات
G524051367,فیلا,6,4,450,2200000,غرب,ظهرة لبن,مكتب علمنا للعقارات
I442300755,فیلا,7,5,700,7200000,شرق,الروضة,مكتب القرن الحالي للعقارات
E837818798,فیلا,7,5,1050,16000000,شمال,النرجس,مكتب القرن الحالي للعقارات
I120359977,فیلا,8,5,625,3500000,شرق,الفيحاء,مكتب القرن الحالي للعقارات
J922009030,دور,4,3,163,700000,جنوب,بدر,شركة نجمة التميز للعقارات
T870931699,دور,3,3,153,1100000,شرق,اليرموك,مؤسسة وسام المساكن العقارية
W537292948,دور,2,3,505,1200000,شرق,القادسية,مؤسسة وسام المساكن العقارية
Q174447223,دور,4,4,505,1650000,شرق,القادسية,مؤسسة وسام المساكن العقارية
Q943434509,دور,3,3,296,1550000,شرق,الرمال,مؤسسة وسام المساكن العقارية
A369090922,دور,3,3,241,1500000,شرق,الرمال,مؤسسة وسام المساكن العقارية
L943434509,دور,3,3,296,1550000,شرق,الرمال,مؤسسة وسام المساكن العقارية
O622722359,شقة,3,2,97,1100000,شمال,المصيف,الأمير لتطوير واستثمار العقارات
A012460532,شقة,3,3,250,1059000,شرق,الملك فيصل,شركة مسكن الين العقارية
V264341071,دور,4,4,500,860000,غرب,شبرا,شركة نجمة التميز للعقارات
N645598847,شقة,2,2,106,400000,جنوب,العزيزية,مكتب الاحمدي للعقارات
A901754391,فیلا,4,5,267,2000000,شرق,الرمال,مكتب الاحمدي للعقارات
T013029495,فیلا,7,5,413,600000,,الحائر,مكتب الاحمدي للعقارات
E070859290,فیلا,7,5,200,5500000,غرب,عرقة,مكتب الاحمدي للعقارات
Z967533302,شقة,3,2,219,350000,جنوب,الدار البيضاء,مكتب الاحمدي للعقارات
E528246184,فیلا,5,5,810,3000000,شرق,النهضة,مكتب الاحمدي للعقارات
R715150012,فیلا,7,5,400,4000000,شمال,الياسمين,مكتب الاحمدي للعقارات
I680741774,فیلا,7,5,600,6000000,شمال,النرجس,مكتب الاحمدي للعقارات
Y429771485,شقة,3,3,150,650000,غرب,العوالي,شركة نجمة التميز للعقارات
J829436455,دور,3,3,500,860000,غرب,شبرا,شركة نجمة التميز للعقارات
G240563651,فیلا,8,6,250,1300000,غرب,طويق,مكتب الاحمدي للعقارات
Q212147036,دور,4,3,335,840000,غرب,ضاة نمار,شركة نجمة التميز للعقارات
A832053400,دور,4,4,177,700000,جنوب,بدر,شركة نجمة التميز للعقارات
M862134574,فیلا,7,6,302,1100000,جنوب,طيبة,مكتب الاحمدي للعقارات
L397847118,دور,3,3,500,950000,غرب,شبرا,شركة نجمة التميز للعقارات
M214804668,فیلا,7,5,200,1100000,جنوب,العزيزية,مكتب الاحمدي للعقارات
M782203632,فیلا,7,6,250,1799999,غرب,ظهرة لبن,مكتب الاحمدي للعقارات
X572884702,فیلا,4,6,212,720000,جنوب,الغنامية,مكتب الاحمدي للعقارات
G434093900,شقة,4,3,168,530000,غرب,الزهرة,مكتب الاحمدي للعقارات
U696667919,فیلا,7,5,200,1150000,جنوب,الدار البيضاء,مكتب الاحمدي للعقارات
R346715321,شقة,3,3,135,1140000,شمال,العارض,مكتب الاحمدي للعقارات
X865616259,فیلا,7,4,200,4000000,شمال,مطار الملك خالد الدولي,مكتب الاحمدي للعقارات
G506675748,فیلا,11,7,250,1100000,جنوب,العزيزية,شركة الخزامى القابضة
J233118921,شقة,5,4,209,730000,جنوب,عكاظ,إسكان سلمان للتسويق العقاري
U527658875,دور,6,4,227,780000,جنوب,العزيزية,إسكان سلمان للتسويق العقاري
P557985808,دور,4,4,214,760000,جنوب,بدر,شركة نجمة التميز للعقارات
T937776138,دور,5,4,143,900000,شرق,الرمال,إسكان سلمان للتسويق العقاري
L630707937,شقة,3,3,182,790000,شرق,الرمال,شركة راكز العقارية
P689568196,شقة,5,3,138,760000,شرق,اليرموك,مؤسسة منازل رائدة العقارية
C879445825,فیلا,7,5,250,1800000,غرب,ظهرة لبن,مكتب الاحمدي للعقارات
E382528629,شقة,3,3,124,580000,غرب,السويدي,شركة نجمة التميز للعقارات
L142025309,دور,5,3,375,970000,شرق,المعيزلة,إسكان سلمان للتسويق العقاري
U750563705,شقة,3,3,131,430000,جنوب,بدر,شركة نجمة التميز للعقارات
V184680884,دور,5,3,375,1160000,شرق,المعيزلة,إسكان سلمان للتسويق العقاري
P184680884,دور,5,3,375,1160000,شرق,المعيزلة,إسكان سلمان للتسويق العقاري
L184680884,دور,5,3,375,1160000,شرق,المعيزلة,إسكان سلمان للتسويق العقاري
L193028192,دور,5,3,168,990000,شرق,الرمال,إسكان سلمان للتسويق العقاري
I646838519,فیلا,18,14,443,1950000,شرق,الجنادرية,إسكان سلمان للتسويق العقاري
I660559469,فیلا,5,5,312,3100000,شمال,العارض,مؤسسة مراة المشاريع العقارية
F400652632,دور,4,3,205,750000,شرق,الجنادرية,سكن المعالي للعقارات
U960229704,دور,3,3,625,2400000,شمال,الياسمين,شركة راكز العقارية
E951828197,دور,3,3,174,1800000,شمال,العليا,شركة راكز العقارية
F815764436,شقة,3,3,122,753000,شرق,القادسية,شركة راكز العقارية
L969603036,شقة,3,3,131,1017000,شرق,الشهداء,شركة راكز العقارية
H873706738,دور,3,4,625,2139000,شمال,الياسمين,شركة راكز العقارية
D458713446,فیلا,5,5,416,5950000,شمال,الملقا,شركة راكز العقارية
A058100334,شقة,3,2,115,505000,غرب,طويق,شركة راكز العقارية
Z293525426,شقة,3,2,1764,849000,شمال,العارض,شركة راكز العقارية
U160357250,شقة,3,2,115,495000,غرب,طويق,شركة راكز العقارية
T760159708,فیلا,4,3,179,1460625,شمال,النرجس,شركة راكز العقارية
B630707937,شقة,3,3,182,790000,شرق,الرمال,شركة راكز العقارية
O500164168,فیلا,5,5,260,3464500,شمال,النرجس,شركة راكز العقارية
Q350504757,فیلا,5,5,270,2800000,شمال,النرجس,شركة همم الخليج العقاريه
B291009880,فیلا,11,6,306,3000000,شمال,الندى,مؤسسة سعود علي عبدالعزيز السقامي للعقارات
P227283547,شقة,3,3,128,550000,غرب,الزهرة,شركة نجمة التميز للعقارات
N625059224,فیلا,8,6,285,1800000,شرق,القادسية,إسكان سلمان للتسويق العقاري
V077214143,فیلا,5,5,550,4500000,شمال,الياسمين,اللحيدان للعقارات
H169903054,فیلا,5,5,240,2800000,شمال,العارض,مؤسسة مراة المشاريع العقارية
Y392963755,فیلا,5,5,525,7850000,شمال,القيروان,مؤسسة مراة المشاريع العقارية
N068128150,فیلا,5,4,358,4750000,شمال,القيروان,مؤسسة مراة المشاريع العقارية
B214804668,فیلا,7,5,200,1100000,جنوب,العزيزية,مكتب الاحمدي للعقارات
G717011063,فیلا,3,3,3283,3750000,شرق,الازدهار,شركة راكز العقارية
U316526741,دور,3,3,143,1499000,شرق,الازدهار,شركة مسكن الين العقارية
O642055663,دور,4,3,115,1799000,شرق,الازدهار,شركة مسكن الين العقارية
S168335658,دور,4,3,184,1400,جنوب,الدار البيضاء,شركة حلول دارك العقارية
N865815090,فیلا,5,5,312,3800000,شمال,القيروان,مؤسسة مراة المشاريع العقارية
G454399021,فیلا,4,4,900,4400000,شمال,النرجس,شركة قصر الرقي العقارية
K874155203,فیلا,5,7,900,4400000,شمال,النرجس,شركة قصر الرقي العقارية
H413613720,دور,3,3,177,950000,شرق,الرمال,مؤسسة الفا البواني العقارية
S687444572,دور,6,6,260,1450000,شرق,الرمال,شركة قصر الرقي العقارية
L890601141,شقة,3,2,85,900000,شمال,العارض,مكتب طريق الاسكان
B184222190,شقة,3,3,127,750000,شرق,اشبيلية,بصمات الرياض العقارية
M380839573,فیلا,5,5,902,9000000,شمال,الملك عبدالله,مكتب سلطان حزام تركي الثابتي الشهري للعقارات
S738734364,فیلا,4,4,250,2400000,شرق,اليرموك,سكن المعالي للعقارات
N785395709,فیلا,5,5,250,2400000,شرق,اليرموك,سكن المعالي للعقارات
E637050772,شقة,3,2,219,650000,جنوب,الدار البيضاء,مكتب الاحمدي للعقارات
B827572344,دور,4,5,621,1700000,شرق,المونسية,مؤسسة وسام المساكن العقارية
E076587430,دور,4,4,621,1700000,شرق,المونسية,مؤسسة وسام المساكن العقارية
Y154750132,دور,4,4,621,1500000,شرق,المونسية,مؤسسة وسام المساكن العقارية
L002411957,دور,3,3,216,1550000,شرق,المونسية,مؤسسة وسام المساكن العقارية
B901221022,فیلا,8,7,225,900000,غرب,ديراب,مكتب طريق الاسكان
L674257519,دور,3,4,500,860000,غرب,شبرا,شركة نجمة التميز للعقارات
I275460448,دور,3,3,500,860000,غرب,شبرا,شركة نجمة التميز للعقارات
L338244776,دور,3,5,219,1050000,شرق,الرمال,مؤسسة وسام المساكن العقارية
H708646319,دور,3,3,260,1450000,شرق,الرمال,شركة قصر الرقي العقارية
E510241016,عمارة,3,3,900,520000,جنوب,بدر,شركة قصر الرقي العقارية
Z423786566,دور,3,3,260,1450000,شرق,الرمال,شركة قصر الرقي العقارية
Y925223765,فیلا,6,6,300,4400000,شمال,النرجس,شركة قصر الرقي العقارية
L203454532,فیلا,4,3,600,3450000,شرق,قرطبة,مؤسسة وسام المساكن العقارية
N481293421,دور,4,4,621,1500000,شرق,المونسية,مؤسسة وسام المساكن العقارية
Z593160442,فیلا,5,7,600,3450000,شرق,قرطبة,مؤسسة وسام المساكن العقارية
J790222674,شقة,3,3,141,1370000,شرق,الحمراء,مكتب مسفر سفر مسفر بعيه للعقارات
P147925273,دور,5,6,305,1400000,شرق,القادسية,سكن المعالي للعقارات
C763515734,دور,3,4,203,1150000,شرق,الرمال,سكن المعالي للعقارات
K866193376,دور,3,3,242,1200000,شرق,القادسية,سكن المعالي للعقارات
U145723200,دور,3,3,168,1050000,شرق,القادسية,سكن المعالي للعقارات
F533278137,دور,3,3,205,750000,شرق,الجنادرية,سكن المعالي للعقارات
U470446128,دور,4,4,621,1700000,شرق,المونسية,مكتب البلط للعقارات
T784403056,فیلا,3,4,172,3500000,جنوب,عكاظ,شركة القرطبة للعقارات
K278513716,دور,3,4,625,2400000,شمال,الياسمين,شركة راكز العقارية
Q045808191,شقة,3,2,127,1149000,شمال,العارض,شركة راكز العقارية
R268693820,دور,3,3,79,1750000,شمال,النرجس,شركة راكز العقارية
N465075130,فیلا,3,4,1600,1690000,شمال,العارض,شركة راكز العقارية
B252728346,فیلا,7,5,450,4000000,غرب,المهدية,مكتب خالد عبدالرحمن منيف الدعجاني للعقارات
I227283547,شقة,3,3,128,550000,غرب,الزهرة,شركة نجمة التميز للعقارات
D701664873,فیلا,4,5,260,950000,جنوب,احد,شركة نجمة التميز للعقارات
Z452790258,فیلا,6,6,312,3600000,شمال,القيروان,مؤسسة ركيز العقارية
C810809697,دور,4,4,172,900000,شرق,البيان,إسكان سلمان للتسويق العقاري
P821090663,فیلا,9,6,420,3500000,شمال,العارض,مكتب ابراج العارض للعقارات
O723013051,دور,4,4,175,540000,جنوب,بدر,التشييد الراقي للتطوير العقاري
E126771413,دور,4,2,155,900000,شرق,القادسية,إسكان سلمان للتسويق العقاري
E437468023,شقة,4,3,234,820000,غرب,العوالي,شركة نجمة التميز للعقارات
M094741666,شقة,2,2,103,610000,شرق,القادسية,إسكان سلمان للتسويق العقاري
R219208366,دور,3,4,236,1300000,شرق,الرمال,مؤسسة وسام المساكن العقارية
P001048877,فیلا,5,6,900,9000000,شمال,الملقا,مكتب مساكن العاصمة
D357685465,فیلا,5,5,300,3400000,شمال,الصحافة,شركة راكز العقارية
Q666681674,دور,7,4,205,590000,جنوب,العزيزية,إسكان سلمان للتسويق العقاري
V191922328,فیلا,4,4,182,1280000,شرق,الرمال,مكتب شريط للعقارات
R272476809,دور,3,3,168,1200000,شرق,المونسية,مكتب عبدالله بن فيحان بن محمد العتيبي للعقارات
S314762314,شقة,3,3,166,440000,جنوب,بدر,شركة نجمة التميز للعقارات
Z227283547,شقة,3,3,128,550000,غرب,الزهرة,شركة نجمة التميز للعقارات
C271342616,فیلا,4,5,475,4700000,شمال,الياسمين,شركة راكز العقارية
O065063995,فیلا,8,6,437,2800000,شرق,المونسية,مكتب الهمم العالية للعقارات
E727594817,دور,3,5,301,1700000,شرق,المونسية,مؤسسة وسام المساكن العقارية
X468237196,شقة,3,4,124,580000,غرب,السويدي,شركة نجمة التميز للعقارات
I067502048,فیلا,4,6,496,4400000,شرق,المونسية,مكتب عبدالله بن فيحان بن محمد العتيبي للعقارات
R750563705,شقة,3,3,131,430000,جنوب,بدر,شركة نجمة التميز للعقارات
G315034386,دور,4,3,214,740000,جنوب,بدر,شركة نجمة التميز للعقارات
D355129692,دور,3,2,621,1500000,شرق,المونسية,مؤسسة وسام المساكن العقارية
